{
  "version": 1,
  "icons": {
    "AttentionLanguage": {
      "x": 296.62890625,
      "y": 100.859375
    }
  }
}