{
  "version": 1,
  "icons": {
    "Image": {
      "x": 340.94921875,
      "y": 559.19921875
    },
    "Ingest": {
      "x": 458.1487210747033,
      "y": 554.8384351362706
    }
  }
}