{
  "version": 1,
  "icons": {
    "AttentionLanguage": {
      "x": 506.671875,
      "y": 94.828125
    },
    "Boundary": {
      "x": 618.0750009486844,
      "y": 707.28125
    },
    "scale": {
      "x": 64.890625,
      "y": 717.9375
    },
    "EcologicalPsychology": {
      "x": 127.3203125,
      "y": 94.55078125
    },
    "POVs": {
      "x": 70.98046875,
      "y": 245.3515625
    },
    "POV": {
      "x": 69.76953125,
      "y": 360.55859375
    },
    "invariants": {
      "x": 62.28125,
      "y": 480.9921875
    },
    "contrasts": {
      "x": 64.78515625,
      "y": 596.390625
    },
    "Scope": {
      "x": 616.3767924602032,
      "y": 589.5450247399534
    }
  }
}