{
  "version": 1,
  "icons": {
    "TimeLike": {
      "x": 841.3456752920499,
      "y": 305.1068206326315
    }
  }
}