{
  "version": 1,
  "icons": {
    "Environment": {
      "x": 844.0325794245215,
      "y": 243.21759608567697
    },
    "Affordance": {
      "x": 547.15234375,
      "y": 678.578125
    },
    "Surface": {
      "x": 620.7992185326742,
      "y": 178.6586467813695
    },
    "Invariant": {
      "x": 509.9073149152497,
      "y": 514.0812885061549
    },
    "Information": {
      "x": 938.868126305317,
      "y": 652.1823925556068
    },
    "Organism": {
      "x": 1012.3590810299897,
      "y": 408.4078720663118
    },
    "Exploration": {
      "x": 749.944324238683,
      "y": 473.03665829227623
    }
  }
}