{
  "version": 1,
  "icons": {
    "Sigil": {
      "x": 111.61205354522752,
      "y": 175.9663580078768
    },
    "SigilML": {
      "x": 105.36457459749363,
      "y": 296.5744634483387
    },
    "Explore": {
      "x": 231.44633714882605,
      "y": 174.84765625
    },
    "Workspace": {
      "x": 229.92542462704023,
      "y": 291.9588536233655
    }
  }
}