{
  "version": 1,
  "icons": {
    "Program": {
      "x": 863.9765625,
      "y": 308.37890625
    },
    "Timeline": {
      "x": 857.9221585747033,
      "y": 645.5689038862706
    },
    "Language": {
      "x": 76.48828125,
      "y": 687.078125
    },
    "AttentionLanguage": {
      "x": 101.90625,
      "y": 96.04296875
    },
    "DifferentialGeometry": {
      "x": 257.1328125,
      "y": 97.6484375
    }
  }
}