{
  "version": 1,
  "icons": {
    "Scope": {
      "x": 64.1953125,
      "y": 552.4609375
    }
  }
}