{
  "version": 1,
  "icons": {
    "Name": {
      "x": 752.7421875,
      "y": 460.7578125
    }
  }
}