{
  "version": 1,
  "icons": {
    "AttentionLanguage": {
      "x": 437.89453125,
      "y": 129.63671875
    },
    "DifferentialGeometry": {
      "x": 649.03515625,
      "y": 128.01953125
    },
    "Perspective": {
      "x": 307.7417482788317,
      "y": 318.47503132965295
    },
    "Collage": {
      "x": 831.6545910418843,
      "y": 498.56126946881517
    },
    "Lightbox": {
      "x": 446.51433148627973,
      "y": 572.8411015382623
    },
    "Control": {
      "x": 313.822113584872,
      "y": 455.87315950858516
    },
    "Atlas": {
      "x": 434.43559194546987,
      "y": 452.1947687486713
    },
    "Arrangement": {
      "x": 575.624771923495,
      "y": 459.3125
    },
    "Slice": {
      "x": 581.2443344067273,
      "y": 578.2562418451564
    },
    "Compose": {
      "x": 699.0151608157274,
      "y": 456.4178129373256
    },
    "Navigation": {
      "x": 318.20356194280174,
      "y": 577.044214630215
    },
    "sigil": {
      "x": 75.92578125,
      "y": 461.83203125
    },
    "Surface": {
      "x": 730.2802294141168,
      "y": 573.5836471833188
    }
  }
}