{
  "version": 1,
  "icons": {
    "Name": {
      "x": 129.33984375,
      "y": 118.171875
    },
    "Naming": {
      "x": 129.61328125,
      "y": 263.77734375
    },
    "AttentionLanguage": {
      "x": 1169.9140625,
      "y": 124.54296875
    }
  }
}