{
  "version": 1,
  "icons": {
    "AttentionLanguage": {
      "x": 254.9921875,
      "y": 181.01171875
    },
    "McGilchrist": {
      "x": 405.2421875,
      "y": 188.390625
    },
    "Consciousness": {
      "x": 620.48046875,
      "y": 753.01953125
    },
    "Perspective": {
      "x": 504.1801456780635,
      "y": 757.0985150551866
    }
  }
}